Subset size, Accuracy, F1-Score, VIF, Solution
1, -0.6093010667934946, -0.5517620745483172, 0, V2
2, -0.9106183219136093, -0.9042039450520726, 2.7537667229121077, V1; V2
2, -0.6055413339093141, -0.5757062398836323, 1.9846333342129334, V1; V4