Subset size, Accuracy, F1-Score, VIF, Solution
1, 0.9287671232876712, 0.9616895874263262, 0, mean_tr
2, 0.9214611872146119, 0.9565656565656566, 1.2112987019550627, eccen; p_black
2, 0.9397260273972603, 0.9673267326732673, 1.005026687753865, height; mean_tr
3, 0.9406392694063926, 0.9674185463659147, 1.1580630781441545, eccen; p_black; mean_tr
3, 0.954337899543379, 0.9746707193515705, 1.4010180391976477, height; eccen; p_black
4, 0.9534246575342465, 0.9743847312908086, 1.3788521185357148, height; lenght; p_black; mean_tr