Subset size, Accuracy, F1-Score, VIF, Solution
1, 0.6007326007326007, 0.6075931801203587, 0, V2
2, 0.9102564102564102, 0.9053418362285726, 2.8149777854852793, V1; V2