Subset size, Accuracy, F1-Score, VIF, Solution
1, 0.6949152542372882, 0.38920314253647587, 0, V10
2, 0.6779661016949152, 0.3543939393939394, 1.580761689531054, V3; V10
3, 0.6440677966101694, 0.3665223665223665, 1.428596724948277, V3; V7; V10
3, 0.6779661016949152, 0.4220606060606061, 1.152703017964832, V7; V9; V10
3, 0.6949152542372882, 0.42833333333333334, 4.281155818966863, V3; V5; V10
3, 0.7288135593220338, 0.51952288218111, 1.397026360866407, V5; V9; V10
4, 0.6610169491525424, 0.3627751196172249, 1.431751991610601, V3; V7; V9; V10
5, 0.4067796610169492, 0.1881720430107527, 1.3579237064548686, V3; V6; V7; V9; V10
5, 0.6610169491525424, 0.4374871542639472, 3.1778567108274944, V3; V5; V7; V9; V10