Subset size, Accuracy, F1-Score, VIF, Solution
2, 0.35, 0.2098882648882649, 1.5345585464897225, V2; V5
3, 0.34, 0.23413568307185323, 0.13936363518125505, V3; V4; V7
3, 0.41, 0.2933048433048433, 0.8477409396723264, V2; V3; V7
3, 0.46, 0.3638933159470685, 1.3190205885478214, V1; V2; V5
3, 0.52, 0.4195908190298092, 1.2280580079719292, V2; V3; V5
4, 0.61, 0.5639294916034046, 1.12464266353378, V2; V3; V5; V7
5, 0.51, 0.468086087380205, 0.5348457001342901, V1; V3; V4; V5; V7