Subset size;Accuracy;DP
1;1;0.1714285714
1;0.7777777778;0.05714285714
1;0.5;0.01904761905
2;0.8055555556;0.009523809524
